date,asset,dpk,kredit,laba,npl,ldr,roa,nim,pendapatan,biaya,car,roe
2024-01-01,30720.85,20511.74,22774.61,302595.62,0.02,1.52,0.05,0.03,2.3,1.61,18.5,0.25
2024-01-02,30729.7,20521.94,22782.29,305825.26,0.02,1.52,0.05,0.03,2.3,1.61,18.51,0.25
2024-01-03,30738.54,20532.15,22789.96,309054.9,0.02,1.52,0.05,0.03,2.31,1.62,18.51,0.25
2024-01-04,30747.39,20542.35,22797.64,312284.54,0.02,1.52,0.05,0.03,2.31,1.62,18.52,0.25
2024-01-05,30756.24,20552.56,22805.32,315514.18,0.02,1.52,0.05,0.03,2.31,1.62,18.52,0.25
2024-01-06,30765.09,20562.76,22813.0,318743.81,0.02,1.52,0.05,0.03,2.31,1.62,18.53,0.25
2024-01-07,30773.93,20572.97,22820.67,321973.45,0.02,1.52,0.05,0.03,2.31,1.62,18.53,0.25
2024-01-08,30782.78,20583.17,22828.35,325203.09,0.02,1.52,0.05,0.03,2.31,1.62,18.54,0.25
2024-01-09,30791.63,20593.38,22836.03,328432.73,0.02,1.52,0.05,0.03,2.31,1.62,18.54,0.25
2024-01-10,30800.48,20603.58,22843.71,331662.37,0.02,1.52,0.05,0.03,2.31,1.62,18.55,0.25
2024-01-11,30809.32,20613.79,22851.38,334892.01,0.02,1.52,0.05,0.03,2.31,1.62,18.55,0.25
2024-01-12,30818.17,20623.99,22859.06,338121.65,0.02,1.52,0.05,0.03,2.31,1.62,18.56,0.25
2024-01-13,30827.02,20634.2,22866.74,341351.29,0.02,1.52,0.05,0.03,2.31,1.62,18.57,0.25
2024-01-14,30835.87,20644.4,22874.41,344580.92,0.02,1.52,0.05,0.03,2.31,1.62,18.57,0.25
2024-01-15,30844.71,20654.61,22882.09,347810.56,0.02,1.52,0.05,0.03,2.31,1.62,18.58,0.25
2024-01-16,30853.56,20664.81,22889.77,351040.2,0.02,1.52,0.05,0.03,2.31,1.62,18.58,0.25
2024-01-17,30862.41,20675.02,22897.45,354269.84,0.02,1.52,0.05,0.03,2.31,1.62,18.59,0.25
2024-01-18,30871.26,20685.22,22905.12,357499.48,0.02,1.52,0.05,0.03,2.32,1.62,18.59,0.25
2024-01-19,30880.1,20695.43,22912.8,360729.12,0.02,1.52,0.05,0.03,2.32,1.62,18.6,0.25
2024-01-20,30888.95,20705.63,22920.48,363958.76,0.02,1.52,0.05,0.03,2.32,1.62,18.6,0.25
2024-01-21,30897.8,20715.84,22928.16,367188.4,0.02,1.52,0.05,0.03,2.32,1.62,18.61,0.25
2024-01-22,30906.65,20726.04,22935.83,370418.03,0.02,1.52,0.05,0.03,2.32,1.62,18.62,0.25
2024-01-23,30915.49,20736.25,22943.51,373647.67,0.02,1.52,0.05,0.03,2.32,1.62,18.62,0.25
2024-01-24,30924.34,20746.45,22951.19,376877.31,0.02,1.52,0.05,0.03,2.32,1.62,18.63,0.25
2024-01-25,30933.19,20756.66,22958.86,380106.95,0.02,1.52,0.05,0.03,2.32,1.62,18.63,0.25
2024-01-26,30942.04,20766.86,22966.54,383336.59,0.02,1.52,0.05,0.03,2.32,1.62,18.64,0.25
2024-01-27,30950.88,20777.07,22974.22,386566.23,0.02,1.52,0.05,0.03,2.32,1.62,18.64,0.25
2024-01-28,30959.73,20787.27,22981.9,389795.87,0.02,1.52,0.05,0.03,2.32,1.62,18.65,0.25
2024-01-29,30968.58,20797.48,22989.57,393025.51,0.02,1.52,0.05,0.03,2.32,1.62,18.65,0.25
2024-01-30,30977.43,20807.68,22997.25,396255.14,0.02,1.52,0.05,0.03,2.32,1.62,18.66,0.25
2024-01-31,30986.27,20817.89,23004.93,399484.78,0.02,1.52,0.05,0.03,2.32,1.62,18.66,0.25
2024-02-01,30995.12,20828.09,23012.6,402714.42,0.02,1.52,0.05,0.03,2.32,1.62,18.67,0.25
2024-02-02,31003.97,20838.29,23020.28,405944.06,0.02,1.52,0.05,0.03,2.33,1.63,18.68,0.25
2024-02-03,31012.82,20848.5,23027.96,409173.7,0.02,1.52,0.05,0.03,2.33,1.63,18.68,0.25
2024-02-04,31021.66,20858.7,23035.64,412403.34,0.02,1.52,0.05,0.03,2.33,1.63,18.69,0.25
2024-02-05,31030.51,20868.91,23043.31,415632.98,0.02,1.52,0.05,0.03,2.33,1.63,18.69,0.25
2024-02-06,31039.36,20879.11,23050.99,418862.62,0.02,1.52,0.05,0.03,2.33,1.63,18.7,0.25
2024-02-07,31048.21,20889.32,23058.67,422092.26,0.02,1.52,0.05,0.03,2.33,1.63,18.7,0.25
2024-02-08,31057.05,20899.52,23066.35,425321.89,0.02,1.52,0.05,0.03,2.33,1.63,18.71,0.25
2024-02-09,31065.9,20909.73,23074.02,428551.53,0.02,1.52,0.05,0.03,2.33,1.63,18.71,0.25
2024-02-10,31074.75,20919.93,23081.7,431781.17,0.02,1.52,0.05,0.03,2.33,1.63,18.72,0.25
2024-02-11,31083.6,20930.14,23089.38,435010.81,0.02,1.52,0.05,0.03,2.33,1.63,18.73,0.25
2024-02-12,31092.44,20940.34,23097.05,438240.45,0.02,1.52,0.05,0.03,2.33,1.63,18.73,0.25
2024-02-13,31101.29,20950.55,23104.73,441470.09,0.02,1.52,0.05,0.03,2.33,1.63,18.74,0.25
2024-02-14,31110.14,20960.75,23112.41,444699.73,0.02,1.52,0.05,0.03,2.33,1.63,18.74,0.25
2024-02-15,31118.99,20970.96,23120.09,447929.37,0.02,1.52,0.05,0.03,2.33,1.63,18.75,0.25
2024-02-16,31127.83,20981.16,23127.76,451159.0,0.02,1.52,0.05,0.03,2.33,1.63,18.75,0.25
2024-02-17,31136.68,20991.37,23135.44,454388.64,0.02,1.52,0.05,0.03,2.34,1.64,18.76,0.25
2024-02-18,31145.53,21001.57,23143.12,457618.28,0.02,1.52,0.05,0.03,2.34,1.64,18.76,0.25
2024-02-19,31154.38,21011.78,23150.8,460847.92,0.02,1.52,0.05,0.03,2.34,1.64,18.77,0.25
2024-02-20,31163.22,21021.98,23158.47,464077.56,0.02,1.52,0.05,0.03,2.34,1.64,18.77,0.25
2024-02-21,31172.07,21032.19,23166.15,467307.2,0.02,1.52,0.05,0.03,2.34,1.64,18.78,0.25
2024-02-22,31180.92,21042.39,23173.83,470536.84,0.02,1.52,0.05,0.03,2.34,1.64,18.79,0.25
2024-02-23,31189.77,21052.6,23181.5,473766.48,0.02,1.52,0.05,0.03,2.34,1.64,18.79,0.25
2024-02-24,31198.61,21062.8,23189.18,476996.11,0.02,1.52,0.05,0.03,2.34,1.64,18.8,0.25
2024-02-25,31207.46,21073.01,23196.86,480225.75,0.02,1.52,0.05,0.03,2.34,1.64,18.8,0.25
2024-02-26,31216.31,21083.21,23204.54,483455.39,0.02,1.52,0.05,0.03,2.34,1.64,18.81,0.25
2024-02-27,31225.16,21093.42,23212.21,486685.03,0.02,1.52,0.05,0.03,2.34,1.64,18.81,0.25
2024-02-28,31234.0,21103.62,23219.89,489914.67,0.02,1.52,0.05,0.03,2.34,1.64,18.82,0.25
2024-02-29,31242.85,21113.83,23227.57,493144.31,0.02,1.52,0.05,0.03,2.34,1.64,18.82,0.25
2024-03-01,31251.7,21124.03,23235.25,496373.95,0.02,1.52,0.05,0.03,2.34,1.64,18.83,0.25
2024-03-02,31260.55,21134.23,23242.92,499603.59,0.02,1.52,0.05,0.03,2.34,1.64,18.84,0.25
2024-03-03,31269.39,21144.44,23250.6,502833.23,0.02,1.52,0.05,0.03,2.35,1.65,18.84,0.25
2024-03-04,31278.24,21154.64,23258.28,506062.86,0.02,1.52,0.05,0.03,2.35,1.65,18.85,0.25
2024-03-05,31287.09,21164.85,23265.95,509292.5,0.02,1.52,0.05,0.03,2.35,1.65,18.85,0.25
2024-03-06,31295.94,21175.05,23273.63,512522.14,0.02,1.52,0.05,0.03,2.35,1.65,18.86,0.25
2024-03-07,31304.78,21185.26,23281.31,515751.78,0.02,1.52,0.05,0.03,2.35,1.65,18.86,0.25
2024-03-08,31313.63,21195.46,23288.99,518981.42,0.02,1.52,0.05,0.03,2.35,1.65,18.87,0.25
2024-03-09,31322.48,21205.67,23296.66,522211.06,0.02,1.52,0.05,0.03,2.35,1.65,18.87,0.25
2024-03-10,31331.33,21215.87,23304.34,525440.7,0.02,1.52,0.05,0.03,2.35,1.65,18.88,0.25
2024-03-11,31340.17,21226.08,23312.02,528670.34,0.02,1.52,0.05,0.03,2.35,1.65,18.88,0.25
2024-03-12,31349.02,21236.28,23319.69,531899.97,0.02,1.52,0.05,0.03,2.35,1.65,18.89,0.25
2024-03-13,31357.87,21246.49,23327.37,535129.61,0.02,1.52,0.05,0.03,2.35,1.65,18.9,0.25
2024-03-14,31366.72,21256.69,23335.05,538359.25,0.02,1.52,0.05,0.03,2.35,1.65,18.9,0.25
2024-03-15,31375.56,21266.9,23342.73,541588.89,0.02,1.52,0.05,0.03,2.35,1.65,18.91,0.25
2024-03-16,31384.41,21277.1,23350.4,544818.53,0.02,1.52,0.05,0.03,2.35,1.65,18.91,0.25
2024-03-17,31393.26,21287.31,23358.08,548048.17,0.02,1.52,0.05,0.03,2.35,1.65,18.92,0.25
2024-03-18,31402.11,21297.51,23365.76,551277.81,0.02,1.52,0.05,0.03,2.36,1.65,18.92,0.25
2024-03-19,31410.95,21307.72,23373.44,554507.45,0.02,1.52,0.05,0.03,2.36,1.65,18.93,0.25
2024-03-20,31419.8,21317.92,23381.11,557737.08,0.02,1.52,0.05,0.03,2.36,1.65,18.93,0.25
2024-03-21,31428.65,21328.13,23388.79,560966.72,0.02,1.52,0.05,0.03,2.36,1.65,18.94,0.25
2024-03-22,31437.5,21338.33,23396.47,564196.36,0.02,1.52,0.05,0.03,2.36,1.65,18.95,0.25
2024-03-23,31446.34,21348.54,23404.14,567426.0,0.02,1.52,0.05,0.03,2.36,1.65,18.95,0.25
2024-03-24,31455.19,21358.74,23411.82,570655.64,0.02,1.52,0.05,0.03,2.36,1.65,18.96,0.25
2024-03-25,31464.04,21368.95,23419.5,573885.28,0.02,1.52,0.05,0.03,2.36,1.65,18.96,0.25
2024-03-26,31472.89,21379.15,23427.18,577114.92,0.02,1.52,0.05,0.03,2.36,1.65,18.97,0.25
2024-03-27,31481.73,21389.36,23434.85,580344.56,0.02,1.52,0.05,0.03,2.36,1.65,18.97,0.25
2024-03-28,31490.58,21399.56,23442.53,583574.19,0.02,1.52,0.05,0.03,2.36,1.65,18.98,0.25
2024-03-29,31499.43,21409.77,23450.21,586803.83,0.02,1.52,0.05,0.03,2.36,1.65,18.98,0.25
2024-03-30,31508.28,21419.97,23457.89,590033.47,0.02,1.52,0.05,0.03,2.36,1.65,18.99,0.25
2024-03-31,31517.12,21430.18,23465.56,593263.11,0.02,1.52,0.05,0.03,2.36,1.65,18.99,0.25
2024-04-01,31525.97,21440.38,23473.24,596492.75,0.02,1.44,0.05,0.04,3.15,2.2,18.5,0.25
2024-04-02,31536.28,21450.58,23480.92,601037.09,0.02,1.44,0.05,0.04,3.15,2.2,18.51,0.25
2024-04-03,31546.6,21460.79,23488.59,605581.42,0.02,1.44,0.05,0.04,3.15,2.2,18.51,0.25
2024-04-04,31556.91,21470.99,23496.27,610125.76,0.02,1.44,0.05,0.04,3.16,2.21,18.52,0.25
2024-04-05,31567.22,21481.2,23503.95,614670.1,0.02,1.44,0.05,0.04,3.16,2.21,18.52,0.25
2024-04-06,31577.53,21491.4,23511.63,619214.43,0.02,1.44,0.05,0.04,3.16,2.21,18.53,0.25
2024-04-07,31587.85,21501.61,23519.3,623758.77,0.02,1.44,0.05,0.04,3.16,2.21,18.53,0.25
2024-04-08,31598.16,21511.81,23526.98,628303.1,0.02,1.44,0.05,0.04,3.16,2.21,18.54,0.25
2024-04-09,31608.47,21522.02,23534.66,632847.44,0.02,1.44,0.05,0.04,3.16,2.21,18.54,0.25
2024-04-10,31618.78,21532.22,23542.34,637391.78,0.02,1.44,0.05,0.04,3.16,2.21,18.55,0.25
2024-04-11,31629.1,21542.43,23550.01,641936.11,0.02,1.44,0.05,0.04,3.16,2.21,18.55,0.25
2024-04-12,31639.41,21552.63,23557.69,646480.45,0.02,1.44,0.05,0.04,3.16,2.21,18.56,0.25
2024-04-13,31649.72,21562.84,23565.37,651024.79,0.02,1.44,0.05,0.04,3.16,2.21,18.57,0.25
2024-04-14,31660.03,21573.04,23573.04,655569.12,0.02,1.44,0.05,0.04,3.17,2.22,18.57,0.25
2024-04-15,31670.35,21583.25,23580.72,660113.46,0.02,1.44,0.05,0.04,3.17,2.22,18.58,0.25
2024-04-16,31680.66,21593.45,23588.4,664657.79,0.02,1.44,0.05,0.04,3.17,2.22,18.58,0.25
2024-04-17,31690.97,21603.66,23596.08,669202.13,0.02,1.44,0.05,0.04,3.17,2.22,18.59,0.25
2024-04-18,31701.28,21613.86,23603.75,673746.47,0.02,1.44,0.05,0.04,3.17,2.22,18.59,0.25
2024-04-19,31711.6,21624.07,23611.43,678290.8,0.02,1.44,0.05,0.04,3.17,2.22,18.6,0.25
2024-04-20,31721.91,21634.27,23619.11,682835.14,0.02,1.44,0.05,0.04,3.17,2.22,18.6,0.25
2024-04-21,31732.22,21644.48,23626.79,687379.48,0.02,1.44,0.05,0.04,3.17,2.22,18.61,0.25
2024-04-22,31742.53,21654.68,23634.46,691923.81,0.02,1.44,0.05,0.04,3.17,2.22,18.62,0.25
2024-04-23,31752.85,21664.89,23642.14,696468.15,0.02,1.44,0.05,0.04,3.18,2.23,18.62,0.25
2024-04-24,31763.16,21675.09,23649.82,701012.48,0.02,1.44,0.05,0.04,3.18,2.23,18.63,0.25
2024-04-25,31773.47,21685.3,23657.49,705556.82,0.02,1.44,0.05,0.04,3.18,2.23,18.63,0.25
2024-04-26,31783.78,21695.5,23665.17,710101.16,0.02,1.44,0.05,0.04,3.18,2.23,18.64,0.25
2024-04-27,31794.1,21705.71,23672.85,714645.49,0.02,1.44,0.05,0.04,3.18,2.23,18.64,0.25
2024-04-28,31804.41,21715.91,23680.53,719189.83,0.02,1.44,0.05,0.04,3.18,2.23,18.65,0.25
2024-04-29,31814.72,21726.12,23688.2,723734.17,0.02,1.44,0.05,0.04,3.18,2.23,18.65,0.25
2024-04-30,31825.03,21736.32,23695.88,728278.5,0.02,1.44,0.05,0.04,3.18,2.23,18.66,0.25
2024-05-01,31835.35,21746.53,23703.56,732822.84,0.02,1.44,0.05,0.04,3.18,2.23,18.66,0.25
2024-05-02,31845.66,21756.73,23711.23,737367.17,0.02,1.44,0.05,0.04,3.18,2.23,18.67,0.25
2024-05-03,31855.97,21766.93,23718.91,741911.51,0.02,1.44,0.05,0.04,3.19,2.23,18.68,0.25
2024-05-04,31866.28,21777.14,23726.59,746455.85,0.02,1.44,0.05,0.04,3.19,2.23,18.68,0.25
2024-05-05,31876.6,21787.34,23734.27,751000.18,0.02,1.44,0.05,0.04,3.19,2.23,18.69,0.25
2024-05-06,31886.91,21797.55,23741.94,755544.52,0.02,1.44,0.05,0.04,3.19,2.23,18.69,0.25
2024-05-07,31897.22,21807.75,23749.62,760088.86,0.02,1.44,0.05,0.04,3.19,2.23,18.7,0.25
2024-05-08,31907.53,21817.96,23757.3,764633.19,0.02,1.44,0.05,0.04,3.19,2.23,18.7,0.25
2024-05-09,31917.85,21828.16,23764.98,769177.53,0.02,1.44,0.05,0.04,3.19,2.23,18.71,0.25
2024-05-10,31928.16,21838.37,23772.65,773721.86,0.02,1.44,0.05,0.04,3.19,2.23,18.71,0.25
2024-05-11,31938.47,21848.57,23780.33,778266.2,0.02,1.44,0.05,0.04,3.19,2.23,18.72,0.25
2024-05-12,31948.78,21858.78,23788.01,782810.54,0.02,1.44,0.05,0.04,3.19,2.23,18.73,0.25
2024-05-13,31959.1,21868.98,23795.68,787354.87,0.02,1.44,0.05,0.04,3.2,2.24,18.73,0.25
2024-05-14,31969.41,21879.19,23803.36,791899.21,0.02,1.44,0.05,0.04,3.2,2.24,18.74,0.25
2024-05-15,31979.72,21889.39,23811.04,796443.55,0.02,1.44,0.05,0.04,3.2,2.24,18.74,0.25
2024-05-16,31990.03,21899.6,23818.72,800987.88,0.02,1.44,0.05,0.04,3.2,2.24,18.75,0.25
2024-05-17,32000.35,21909.8,23826.39,805532.22,0.02,1.44,0.05,0.04,3.2,2.24,18.75,0.25
2024-05-18,32010.66,21920.01,23834.07,810076.55,0.02,1.44,0.05,0.04,3.2,2.24,18.76,0.25
2024-05-19,32020.97,21930.21,23841.75,814620.89,0.02,1.44,0.05,0.04,3.2,2.24,18.76,0.25
2024-05-20,32031.28,21940.42,23849.43,819165.23,0.02,1.44,0.05,0.04,3.2,2.24,18.77,0.25
2024-05-21,32041.6,21950.62,23857.1,823709.56,0.02,1.44,0.05,0.04,3.2,2.24,18.77,0.25
2024-05-22,32051.91,21960.83,23864.78,828253.9,0.02,1.44,0.05,0.04,3.21,2.25,18.78,0.25
2024-05-23,32062.22,21971.03,23872.46,832798.24,0.02,1.44,0.05,0.04,3.21,2.25,18.79,0.25
2024-05-24,32072.53,21981.24,23880.13,837342.57,0.02,1.44,0.05,0.04,3.21,2.25,18.79,0.25
2024-05-25,32082.85,21991.44,23887.81,841886.91,0.02,1.44,0.05,0.04,3.21,2.25,18.8,0.25
2024-05-26,32093.16,22001.65,23895.49,846431.24,0.02,1.44,0.05,0.04,3.21,2.25,18.8,0.25
2024-05-27,32103.47,22011.85,23903.17,850975.58,0.02,1.44,0.05,0.04,3.21,2.25,18.81,0.25
2024-05-28,32113.78,22022.06,23910.84,855519.92,0.02,1.44,0.05,0.04,3.21,2.25,18.81,0.25
2024-05-29,32124.1,22032.26,23918.52,860064.25,0.02,1.44,0.05,0.04,3.21,2.25,18.82,0.25
2024-05-30,32134.41,22042.47,23926.2,864608.59,0.02,1.44,0.05,0.04,3.21,2.25,18.82,0.25
2024-05-31,32144.72,22052.67,23933.88,869152.93,0.02,1.44,0.05,0.04,3.21,2.25,18.83,0.25
2024-06-01,32155.03,22062.87,23941.55,873697.26,0.02,1.44,0.05,0.04,3.22,2.25,18.84,0.25
2024-06-02,32165.35,22073.08,23949.23,878241.6,0.02,1.44,0.05,0.04,3.22,2.25,18.84,0.25
2024-06-03,32175.66,22083.28,23956.91,882785.93,0.02,1.44,0.05,0.04,3.22,2.25,18.85,0.25
2024-06-04,32185.97,22093.49,23964.58,887330.27,0.02,1.44,0.05,0.04,3.22,2.25,18.85,0.25
2024-06-05,32196.28,22103.69,23972.26,891874.61,0.02,1.44,0.05,0.04,3.22,2.25,18.86,0.25
2024-06-06,32206.6,22113.9,23979.94,896418.94,0.02,1.44,0.05,0.04,3.22,2.25,18.86,0.25
2024-06-07,32216.91,22124.1,23987.62,900963.28,0.02,1.44,0.05,0.04,3.22,2.25,18.87,0.25
2024-06-08,32227.22,22134.31,23995.29,905507.62,0.02,1.44,0.05,0.04,3.22,2.25,18.87,0.25
2024-06-09,32237.53,22144.51,24002.97,910051.95,0.02,1.44,0.05,0.04,3.22,2.25,18.88,0.25
2024-06-10,32247.85,22154.72,24010.65,914596.29,0.02,1.44,0.05,0.04,3.22,2.25,18.88,0.25
2024-06-11,32258.16,22164.92,24018.32,919140.62,0.02,1.44,0.05,0.04,3.23,2.26,18.89,0.25
2024-06-12,32268.47,22175.13,24026.0,923684.96,0.02,1.44,0.05,0.04,3.23,2.26,18.9,0.25
2024-06-13,32278.78,22185.33,24033.68,928229.3,0.02,1.44,0.05,0.04,3.23,2.26,18.9,0.25
2024-06-14,32289.1,22195.54,24041.36,932773.63,0.02,1.44,0.05,0.04,3.23,2.26,18.91,0.25
2024-06-15,32299.41,22205.74,24049.03,937317.97,0.02,1.44,0.05,0.04,3.23,2.26,18.91,0.25
2024-06-16,32309.72,22215.95,24056.71,941862.31,0.02,1.44,0.05,0.04,3.23,2.26,18.92,0.25
2024-06-17,32320.03,22226.15,24064.39,946406.64,0.02,1.44,0.05,0.04,3.23,2.26,18.92,0.25
2024-06-18,32330.35,22236.36,24072.07,950950.98,0.02,1.44,0.05,0.04,3.23,2.26,18.93,0.25
2024-06-19,32340.66,22246.56,24079.74,955495.31,0.02,1.44,0.05,0.04,3.23,2.26,18.93,0.25
2024-06-20,32350.97,22256.77,24087.42,960039.65,0.02,1.44,0.05,0.04,3.24,2.27,18.94,0.25
2024-06-21,32361.28,22266.97,24095.1,964583.99,0.02,1.44,0.05,0.04,3.24,2.27,18.95,0.25
2024-06-22,32371.6,22277.18,24102.77,969128.32,0.02,1.44,0.05,0.04,3.24,2.27,18.95,0.25
2024-06-23,32381.91,22287.38,24110.45,973672.66,0.02,1.44,0.05,0.04,3.24,2.27,18.96,0.25
2024-06-24,32392.22,22297.59,24118.13,978217.0,0.02,1.44,0.05,0.04,3.24,2.27,18.96,0.25
2024-06-25,32402.53,22307.79,24125.81,982761.33,0.02,1.44,0.05,0.04,3.24,2.27,18.97,0.25
2024-06-26,32412.85,22318.0,24133.48,987305.67,0.02,1.44,0.05,0.04,3.24,2.27,18.97,0.25
2024-06-27,32423.16,22328.2,24141.16,991850.0,0.02,1.44,0.05,0.04,3.24,2.27,18.98,0.25
2024-06-28,32433.47,22338.41,24148.84,996394.34,0.02,1.44,0.05,0.04,3.24,2.27,18.98,0.25
2024-06-29,32443.78,22348.61,24156.52,1000938.68,0.02,1.44,0.05,0.04,3.24,2.27,18.99,0.25
2024-06-30,32454.1,22358.82,24164.19,1005483.01,0.02,1.44,0.05,0.04,3.25,2.27,18.99,0.25
2024-07-01,32464.41,22369.02,24171.87,1010027.35,0.02,1.42,0.06,0.04,3.25,2.27,18.5,0.3
2024-07-02,32485.74,22369.08,24179.46,1013712.81,0.02,1.42,0.06,0.04,3.25,2.27,18.51,0.3
2024-07-03,32507.06,22369.13,24187.06,1017398.26,0.02,1.42,0.06,0.04,3.25,2.27,18.51,0.3
2024-07-04,32528.39,22369.19,24194.65,1021083.72,0.02,1.42,0.06,0.04,3.25,2.27,18.52,0.3
2024-07-05,32549.72,22369.24,24202.24,1024769.18,0.02,1.42,0.06,0.04,3.25,2.27,18.52,0.3
2024-07-06,32571.04,22369.3,24209.84,1028454.63,0.02,1.42,0.06,0.04,3.26,2.28,18.53,0.3
2024-07-07,32592.37,22369.36,24217.43,1032140.09,0.02,1.42,0.06,0.04,3.26,2.28,18.53,0.3
2024-07-08,32613.7,22369.41,24225.03,1035825.55,0.02,1.42,0.06,0.04,3.26,2.28,18.54,0.3
2024-07-09,32635.02,22369.47,24232.62,1039511.0,0.02,1.42,0.06,0.04,3.26,2.28,18.54,0.3
2024-07-10,32656.35,22369.52,24240.21,1043196.46,0.02,1.42,0.06,0.04,3.27,2.29,18.55,0.3
2024-07-11,32677.68,22369.58,24247.81,1046881.92,0.02,1.42,0.06,0.04,3.27,2.29,18.55,0.3
2024-07-12,32699.0,22369.64,24255.4,1050567.37,0.02,1.42,0.06,0.04,3.27,2.29,18.56,0.3
2024-07-13,32720.33,22369.69,24262.99,1054252.83,0.02,1.42,0.06,0.04,3.27,2.29,18.57,0.3
2024-07-14,32741.66,22369.75,24270.59,1057938.28,0.02,1.42,0.06,0.04,3.27,2.29,18.57,0.3
2024-07-15,32762.98,22369.8,24278.18,1061623.74,0.02,1.42,0.06,0.04,3.28,2.3,18.58,0.3
2024-07-16,32784.31,22369.86,24285.78,1065309.2,0.02,1.42,0.06,0.04,3.28,2.3,18.58,0.3
2024-07-17,32805.64,22369.92,24293.37,1068994.65,0.02,1.42,0.06,0.04,3.28,2.3,18.59,0.3
2024-07-18,32826.96,22369.97,24300.96,1072680.11,0.02,1.42,0.06,0.04,3.28,2.3,18.59,0.3
2024-07-19,32848.29,22370.03,24308.56,1076365.57,0.02,1.42,0.06,0.04,3.28,2.3,18.6,0.3
2024-07-20,32869.62,22370.08,24316.15,1080051.02,0.02,1.42,0.06,0.04,3.29,2.3,18.6,0.3
2024-07-21,32890.94,22370.14,24323.74,1083736.48,0.02,1.42,0.06,0.04,3.29,2.3,18.61,0.3
2024-07-22,32912.27,22370.2,24331.34,1087421.94,0.02,1.42,0.06,0.04,3.29,2.3,18.61,0.3
2024-07-23,32933.6,22370.25,24338.93,1091107.39,0.02,1.42,0.06,0.04,3.29,2.3,18.62,0.3
2024-07-24,32954.93,22370.31,24346.53,1094792.85,0.02,1.42,0.06,0.04,3.3,2.31,18.62,0.3
2024-07-25,32976.25,22370.36,24354.12,1098478.31,0.02,1.42,0.06,0.04,3.3,2.31,18.63,0.3
2024-07-26,32997.58,22370.42,24361.71,1102163.76,0.02,1.42,0.06,0.04,3.3,2.31,18.64,0.3
2024-07-27,33018.91,22370.48,24369.31,1105849.22,0.02,1.42,0.06,0.04,3.3,2.31,18.64,0.3
2024-07-28,33040.23,22370.53,24376.9,1109534.68,0.02,1.42,0.06,0.04,3.3,2.31,18.65,0.3
2024-07-29,33061.56,22370.59,24384.49,1113220.13,0.02,1.42,0.06,0.04,3.31,2.32,18.65,0.3
2024-07-30,33082.89,22370.64,24392.09,1116905.59,0.02,1.42,0.06,0.04,3.31,2.32,18.66,0.3
2024-07-31,33104.21,22370.7,24399.68,1120591.05,0.02,1.42,0.06,0.04,3.31,2.32,18.66,0.3
2024-08-01,33125.54,22370.76,24407.27,1124276.5,0.02,1.42,0.06,0.04,3.31,2.32,18.67,0.3
2024-08-02,33146.87,22370.81,24414.87,1127961.96,0.02,1.42,0.06,0.04,3.31,2.32,18.67,0.3
2024-08-03,33168.19,22370.87,24422.46,1131647.42,0.02,1.42,0.06,0.04,3.32,2.32,18.68,0.3
2024-08-04,33189.52,22370.92,24430.06,1135332.87,0.02,1.42,0.06,0.04,3.32,2.32,18.68,0.3
2024-08-05,33210.85,22370.98,24437.65,1139018.33,0.02,1.42,0.06,0.04,3.32,2.32,18.69,0.3
2024-08-06,33232.17,22371.04,24445.24,1142703.78,0.02,1.42,0.06,0.04,3.32,2.32,18.7,0.3
2024-08-07,33253.5,22371.09,24452.84,1146389.24,0.02,1.42,0.06,0.04,3.33,2.33,18.7,0.3
2024-08-08,33274.83,22371.15,24460.43,1150074.7,0.02,1.42,0.06,0.04,3.33,2.33,18.71,0.3
2024-08-09,33296.15,22371.2,24468.02,1153760.15,0.02,1.42,0.06,0.04,3.33,2.33,18.71,0.3
2024-08-10,33317.48,22371.26,24475.62,1157445.61,0.02,1.42,0.06,0.04,3.33,2.33,18.72,0.3
2024-08-11,33338.81,22371.32,24483.21,1161131.07,0.02,1.42,0.06,0.04,3.33,2.33,18.72,0.3
2024-08-12,33360.13,22371.37,24490.81,1164816.52,0.02,1.42,0.06,0.04,3.34,2.34,18.73,0.3
2024-08-13,33381.46,22371.43,24498.4,1168501.98,0.02,1.42,0.06,0.04,3.34,2.34,18.73,0.3
2024-08-14,33402.79,22371.48,24505.99,1172187.44,0.02,1.42,0.06,0.04,3.34,2.34,18.74,0.3
2024-08-15,33424.11,22371.54,24513.59,1175872.89,0.02,1.42,0.06,0.04,3.34,2.34,18.74,0.3
2024-08-16,33445.44,22371.59,24521.18,1179558.35,0.02,1.42,0.06,0.04,3.34,2.34,18.75,0.3
2024-08-17,33466.77,22371.65,24528.77,1183243.81,0.02,1.42,0.06,0.04,3.35,2.34,18.76,0.3
2024-08-18,33488.09,22371.71,24536.37,1186929.26,0.02,1.42,0.06,0.04,3.35,2.34,18.76,0.3
2024-08-19,33509.42,22371.76,24543.96,1190614.72,0.02,1.42,0.06,0.04,3.35,2.34,18.77,0.3
2024-08-20,33530.75,22371.82,24551.55,1194300.18,0.02,1.42,0.06,0.04,3.35,2.34,18.77,0.3
2024-08-21,33552.07,22371.87,24559.15,1197985.63,0.02,1.42,0.06,0.04,3.36,2.35,18.78,0.3
2024-08-22,33573.4,22371.93,24566.74,1201671.09,0.02,1.42,0.06,0.04,3.36,2.35,18.78,0.3
2024-08-23,33594.73,22371.99,24574.34,1205356.55,0.02,1.42,0.06,0.04,3.36,2.35,18.79,0.3
2024-08-24,33616.05,22372.04,24581.93,1209042.0,0.02,1.42,0.06,0.04,3.36,2.35,18.79,0.3
2024-08-25,33637.38,22372.1,24589.52,1212727.46,0.02,1.42,0.06,0.04,3.36,2.35,18.8,0.3
2024-08-26,33658.71,22372.15,24597.12,1216412.92,0.02,1.42,0.06,0.04,3.37,2.36,18.8,0.3
2024-08-27,33680.03,22372.21,24604.71,1220098.37,0.02,1.42,0.06,0.04,3.37,2.36,18.81,0.3
2024-08-28,33701.36,22372.27,24612.3,1223783.83,0.02,1.42,0.06,0.04,3.37,2.36,18.82,0.3
2024-08-29,33722.69,22372.32,24619.9,1227469.28,0.02,1.42,0.06,0.04,3.37,2.36,18.82,0.3
2024-08-30,33744.01,22372.38,24627.49,1231154.74,0.02,1.42,0.06,0.04,3.37,2.36,18.83,0.3
2024-08-31,33765.34,22372.43,24635.09,1234840.2,0.02,1.42,0.06,0.04,3.38,2.37,18.83,0.3
2024-09-01,33786.67,22372.49,24642.68,1238525.65,0.02,1.42,0.06,0.04,3.38,2.37,18.84,0.3
2024-09-02,33807.99,22372.55,24650.27,1242211.11,0.02,1.42,0.06,0.04,3.38,2.37,18.84,0.3
2024-09-03,33829.32,22372.6,24657.87,1245896.57,0.02,1.42,0.06,0.04,3.38,2.37,18.85,0.3
2024-09-04,33850.65,22372.66,24665.46,1249582.02,0.02,1.42,0.06,0.04,3.39,2.37,18.85,0.3
2024-09-05,33871.97,22372.71,24673.05,1253267.48,0.02,1.42,0.06,0.04,3.39,2.37,18.86,0.3
2024-09-06,33893.3,22372.77,24680.65,1256952.94,0.02,1.42,0.06,0.04,3.39,2.37,18.86,0.3
2024-09-07,33914.63,22372.83,24688.24,1260638.39,0.02,1.42,0.06,0.04,3.39,2.37,18.87,0.3
2024-09-08,33935.96,22372.88,24695.84,1264323.85,0.02,1.42,0.06,0.04,3.39,2.37,18.88,0.3
2024-09-09,33957.28,22372.94,24703.43,1268009.31,0.02,1.42,0.06,0.04,3.4,2.38,18.88,0.3
2024-09-10,33978.61,22372.99,24711.02,1271694.76,0.02,1.42,0.06,0.04,3.4,2.38,18.89,0.3
2024-09-11,33999.94,22373.05,24718.62,1275380.22,0.02,1.42,0.06,0.04,3.4,2.38,18.89,0.3
2024-09-12,34021.26,22373.11,24726.21,1279065.68,0.02,1.42,0.06,0.04,3.4,2.38,18.9,0.3
2024-09-13,34042.59,22373.16,24733.8,1282751.13,0.02,1.42,0.06,0.04,3.4,2.38,18.9,0.3
2024-09-14,34063.92,22373.22,24741.4,1286436.59,0.02,1.42,0.06,0.04,3.41,2.39,18.91,0.3
2024-09-15,34085.24,22373.27,24748.99,1290122.05,0.02,1.42,0.06,0.04,3.41,2.39,18.91,0.3
2024-09-16,34106.57,22373.33,24756.58,1293807.5,0.02,1.42,0.06,0.04,3.41,2.39,18.92,0.3
2024-09-17,34127.9,22373.39,24764.18,1297492.96,0.02,1.42,0.06,0.04,3.41,2.39,18.92,0.3
2024-09-18,34149.22,22373.44,24771.77,1301178.42,0.02,1.42,0.06,0.04,3.41,2.39,18.93,0.3
2024-09-19,34170.55,22373.5,24779.37,1304863.87,0.02,1.42,0.06,0.04,3.42,2.39,18.93,0.3
2024-09-20,34191.88,22373.55,24786.96,1308549.33,0.02,1.42,0.06,0.04,3.42,2.39,18.94,0.3
2024-09-21,34213.2,22373.61,24794.55,1312234.78,0.02,1.42,0.06,0.04,3.42,2.39,18.95,0.3
2024-09-22,34234.53,22373.67,24802.15,1315920.24,0.02,1.42,0.06,0.04,3.42,2.39,18.95,0.3
2024-09-23,34255.86,22373.72,24809.74,1319605.7,0.02,1.42,0.06,0.04,3.43,2.4,18.96,0.3
2024-09-24,34277.18,22373.78,24817.33,1323291.15,0.02,1.42,0.06,0.04,3.43,2.4,18.96,0.3
2024-09-25,34298.51,22373.83,24824.93,1326976.61,0.02,1.42,0.06,0.04,3.43,2.4,18.97,0.3
2024-09-26,34319.84,22373.89,24832.52,1330662.07,0.02,1.42,0.06,0.04,3.43,2.4,18.97,0.3
2024-09-27,34341.16,22373.95,24840.12,1334347.52,0.02,1.42,0.06,0.04,3.43,2.4,18.98,0.3
2024-09-28,34362.49,22374.0,24847.71,1338032.98,0.02,1.42,0.06,0.04,3.44,2.41,18.98,0.3
2024-09-29,34383.82,22374.06,24855.3,1341718.44,0.02,1.42,0.06,0.04,3.44,2.41,18.99,0.3
2024-09-30,34405.14,22374.11,24862.9,1345403.89,0.02,1.42,0.06,0.04,3.44,2.41,18.99,0.3
2024-10-01,34426.47,22374.17,24870.49,1349089.35,0.01,1.62,0.07,0.04,3.44,2.41,18.5,0.35
2024-10-02,34460.9,22392.07,24887.9,1351787.53,0.01,1.62,0.07,0.04,3.45,2.42,18.51,0.35
2024-10-03,34495.32,22409.97,24905.31,1354485.71,0.01,1.62,0.07,0.04,3.45,2.42,18.51,0.35
2024-10-04,34529.75,22427.87,24922.72,1357183.89,0.01,1.62,0.07,0.04,3.45,2.42,18.52,0.35
2024-10-05,34564.18,22445.77,24940.13,1359882.06,0.01,1.62,0.07,0.04,3.46,2.42,18.52,0.35
2024-10-06,34598.6,22463.67,24957.54,1362580.24,0.01,1.62,0.07,0.04,3.46,2.42,18.53,0.35
2024-10-07,34633.03,22481.57,24974.95,1365278.42,0.01,1.62,0.07,0.04,3.46,2.42,18.53,0.35
2024-10-08,34667.46,22499.47,24992.36,1367976.6,0.01,1.62,0.07,0.04,3.47,2.43,18.54,0.35
2024-10-09,34701.88,22517.36,25009.76,1370674.78,0.01,1.62,0.07,0.04,3.47,2.43,18.54,0.35
2024-10-10,34736.31,22535.26,25027.17,1373372.96,0.01,1.62,0.07,0.04,3.47,2.43,18.55,0.35
2024-10-11,34770.73,22553.16,25044.58,1376071.14,0.01,1.62,0.07,0.04,3.48,2.44,18.55,0.35
2024-10-12,34805.16,22571.06,25061.99,1378769.32,0.01,1.62,0.07,0.04,3.48,2.44,18.56,0.35
2024-10-13,34839.59,22588.96,25079.4,1381467.49,0.01,1.62,0.07,0.04,3.48,2.44,18.57,0.35
2024-10-14,34874.01,22606.86,25096.81,1384165.67,0.01,1.62,0.07,0.04,3.49,2.44,18.57,0.35
2024-10-15,34908.44,22624.76,25114.22,1386863.85,0.01,1.62,0.07,0.04,3.49,2.44,18.58,0.35
2024-10-16,34942.87,22642.66,25131.63,1389562.03,0.01,1.62,0.07,0.04,3.49,2.44,18.58,0.35
2024-10-17,34977.29,22660.56,25149.04,1392260.21,0.01,1.62,0.07,0.04,3.5,2.45,18.59,0.35
2024-10-18,35011.72,22678.46,25166.45,1394958.39,0.01,1.62,0.07,0.04,3.5,2.45,18.59,0.35
2024-10-19,35046.15,22696.36,25183.86,1397656.57,0.01,1.62,0.07,0.04,3.5,2.45,18.6,0.35
2024-10-20,35080.57,22714.26,25201.27,1400354.75,0.01,1.62,0.07,0.04,3.51,2.46,18.6,0.35
2024-10-21,35115.0,22732.16,25218.68,1403052.92,0.01,1.62,0.07,0.04,3.51,2.46,18.61,0.35
2024-10-22,35149.43,22750.06,25236.09,1405751.1,0.01,1.62,0.07,0.04,3.51,2.46,18.61,0.35
2024-10-23,35183.85,22767.96,25253.5,1408449.28,0.01,1.62,0.07,0.04,3.52,2.46,18.62,0.35
2024-10-24,35218.28,22785.85,25270.9,1411147.46,0.01,1.62,0.07,0.04,3.52,2.46,18.62,0.35
2024-10-25,35252.71,22803.75,25288.31,1413845.64,0.01,1.62,0.07,0.04,3.53,2.47,18.63,0.35
2024-10-26,35287.13,22821.65,25305.72,1416543.82,0.01,1.62,0.07,0.04,3.53,2.47,18.64,0.35
2024-10-27,35321.56,22839.55,25323.13,1419242.0,0.01,1.62,0.07,0.04,3.53,2.47,18.64,0.35
2024-10-28,35355.98,22857.45,25340.54,1421940.17,0.01,1.62,0.07,0.04,3.54,2.48,18.65,0.35
2024-10-29,35390.41,22875.35,25357.95,1424638.35,0.01,1.62,0.07,0.04,3.54,2.48,18.65,0.35
2024-10-30,35424.84,22893.25,25375.36,1427336.53,0.01,1.62,0.07,0.04,3.54,2.48,18.66,0.35
2024-10-31,35459.26,22911.15,25392.77,1430034.71,0.01,1.62,0.07,0.04,3.55,2.48,18.66,0.35
2024-11-01,35493.69,22929.05,25410.18,1432732.89,0.01,1.62,0.07,0.04,3.55,2.48,18.67,0.35
2024-11-02,35528.12,22946.95,25427.59,1435431.07,0.01,1.62,0.07,0.04,3.55,2.48,18.67,0.35
2024-11-03,35562.54,22964.85,25445.0,1438129.25,0.01,1.62,0.07,0.04,3.56,2.49,18.68,0.35
2024-11-04,35596.97,22982.75,25462.41,1440827.43,0.01,1.62,0.07,0.04,3.56,2.49,18.68,0.35
2024-11-05,35631.4,23000.65,25479.82,1443525.6,0.01,1.62,0.07,0.04,3.56,2.49,18.69,0.35
2024-11-06,35665.82,23018.55,25497.23,1446223.78,0.01,1.62,0.07,0.04,3.57,2.5,18.7,0.35
2024-11-07,35700.25,23036.45,25514.64,1448921.96,0.01,1.62,0.07,0.04,3.57,2.5,18.7,0.35
2024-11-08,35734.68,23054.34,25532.05,1451620.14,0.01,1.62,0.07,0.04,3.57,2.5,18.71,0.35
2024-11-09,35769.1,23072.24,25549.45,1454318.32,0.01,1.62,0.07,0.04,3.58,2.51,18.71,0.35
2024-11-10,35803.53,23090.14,25566.86,1457016.5,0.01,1.62,0.07,0.04,3.58,2.51,18.72,0.35
2024-11-11,35837.96,23108.04,25584.27,1459714.68,0.01,1.62,0.07,0.04,3.58,2.51,18.72,0.35
2024-11-12,35872.38,23125.94,25601.68,1462412.86,0.01,1.62,0.07,0.04,3.59,2.51,18.73,0.35
2024-11-13,35906.81,23143.84,25619.09,1465111.03,0.01,1.62,0.07,0.04,3.59,2.51,18.73,0.35
2024-11-14,35941.23,23161.74,25636.5,1467809.21,0.01,1.62,0.07,0.04,3.59,2.51,18.74,0.35
2024-11-15,35975.66,23179.64,25653.91,1470507.39,0.01,1.62,0.07,0.04,3.6,2.52,18.74,0.35
2024-11-16,36010.09,23197.54,25671.32,1473205.57,0.01,1.62,0.07,0.04,3.6,2.52,18.75,0.35
2024-11-17,36044.51,23215.44,25688.73,1475903.75,0.01,1.62,0.07,0.04,3.6,2.52,18.76,0.35
2024-11-18,36078.94,23233.34,25706.14,1478601.93,0.01,1.62,0.07,0.04,3.61,2.53,18.76,0.35
2024-11-19,36113.37,23251.24,25723.55,1481300.11,0.01,1.62,0.07,0.04,3.61,2.53,18.77,0.35
2024-11-20,36147.79,23269.14,25740.96,1483998.29,0.01,1.62,0.07,0.04,3.61,2.53,18.77,0.35
2024-11-21,36182.22,23287.04,25758.37,1486696.46,0.01,1.62,0.07,0.04,3.62,2.53,18.78,0.35
2024-11-22,36216.65,23304.94,25775.78,1489394.64,0.01,1.62,0.07,0.04,3.62,2.53,18.78,0.35
2024-11-23,36251.07,23322.83,25793.19,1492092.82,0.01,1.62,0.07,0.04,3.63,2.54,18.79,0.35
2024-11-24,36285.5,23340.73,25810.59,1494791.0,0.01,1.62,0.07,0.04,3.63,2.54,18.79,0.35
2024-11-25,36319.93,23358.63,25828.0,1497489.18,0.01,1.62,0.07,0.04,3.63,2.54,18.8,0.35
2024-11-26,36354.35,23376.53,25845.41,1500187.36,0.01,1.62,0.07,0.04,3.64,2.55,18.8,0.35
2024-11-27,36388.78,23394.43,25862.82,1502885.54,0.01,1.62,0.07,0.04,3.64,2.55,18.81,0.35
2024-11-28,36423.21,23412.33,25880.23,1505583.71,0.01,1.62,0.07,0.04,3.64,2.55,18.82,0.35
2024-11-29,36457.63,23430.23,25897.64,1508281.89,0.01,1.62,0.07,0.04,3.65,2.55,18.82,0.35
2024-11-30,36492.06,23448.13,25915.05,1510980.07,0.01,1.62,0.07,0.04,3.65,2.55,18.83,0.35
2024-12-01,36526.48,23466.03,25932.46,1513678.25,0.01,1.62,0.07,0.04,3.65,2.55,18.83,0.35
2024-12-02,36560.91,23483.93,25949.87,1516376.43,0.01,1.62,0.07,0.04,3.66,2.56,18.84,0.35
2024-12-03,36595.34,23501.83,25967.28,1519074.61,0.01,1.62,0.07,0.04,3.66,2.56,18.84,0.35
2024-12-04,36629.76,23519.73,25984.69,1521772.79,0.01,1.62,0.07,0.04,3.66,2.56,18.85,0.35
2024-12-05,36664.19,23537.63,26002.1,1524470.97,0.01,1.62,0.07,0.04,3.67,2.57,18.85,0.35
2024-12-06,36698.62,23555.53,26019.51,1527169.14,0.01,1.62,0.07,0.04,3.67,2.57,18.86,0.35
2024-12-07,36733.04,23573.43,26036.92,1529867.32,0.01,1.62,0.07,0.04,3.67,2.57,18.86,0.35
2024-12-08,36767.47,23591.32,26054.33,1532565.5,0.01,1.62,0.07,0.04,3.68,2.58,18.87,0.35
2024-12-09,36801.9,23609.22,26071.73,1535263.68,0.01,1.62,0.07,0.04,3.68,2.58,18.88,0.35
2024-12-10,36836.32,23627.12,26089.14,1537961.86,0.01,1.62,0.07,0.04,3.68,2.58,18.88,0.35
2024-12-11,36870.75,23645.02,26106.55,1540660.04,0.01,1.62,0.07,0.04,3.69,2.58,18.89,0.35
2024-12-12,36905.18,23662.92,26123.96,1543358.22,0.01,1.62,0.07,0.04,3.69,2.58,18.89,0.35
2024-12-13,36939.6,23680.82,26141.37,1546056.4,0.01,1.62,0.07,0.04,3.69,2.58,18.9,0.35
2024-12-14,36974.03,23698.72,26158.78,1548754.57,0.01,1.62,0.07,0.04,3.7,2.59,18.9,0.35
2024-12-15,37008.46,23716.62,26176.19,1551452.75,0.01,1.62,0.07,0.04,3.7,2.59,18.91,0.35
2024-12-16,37042.88,23734.52,26193.6,1554150.93,0.01,1.62,0.07,0.04,3.7,2.59,18.91,0.35
2024-12-17,37077.31,23752.42,26211.01,1556849.11,0.01,1.62,0.07,0.04,3.71,2.6,18.92,0.35
2024-12-18,37111.73,23770.32,26228.42,1559547.29,0.01,1.62,0.07,0.04,3.71,2.6,18.92,0.35
2024-12-19,37146.16,23788.22,26245.83,1562245.47,0.01,1.62,0.07,0.04,3.71,2.6,18.93,0.35
2024-12-20,37180.59,23806.12,26263.24,1564943.65,0.01,1.62,0.07,0.04,3.72,2.6,18.93,0.35
2024-12-21,37215.01,23824.02,26280.65,1567641.82,0.01,1.62,0.07,0.04,3.72,2.6,18.94,0.35
2024-12-22,37249.44,23841.92,26298.06,1570340.0,0.01,1.62,0.07,0.04,3.72,2.6,18.95,0.35
2024-12-23,37283.87,23859.81,26315.47,1573038.18,0.01,1.62,0.07,0.04,3.73,2.61,18.95,0.35
2024-12-24,37318.29,23877.71,26332.87,1575736.36,0.01,1.62,0.07,0.04,3.73,2.61,18.96,0.35
2024-12-25,37352.72,23895.61,26350.28,1578434.54,0.01,1.62,0.07,0.04,3.74,2.62,18.96,0.35
2024-12-26,37387.15,23913.51,26367.69,1581132.72,0.01,1.62,0.07,0.04,3.74,2.62,18.97,0.35
2024-12-27,37421.57,23931.41,26385.1,1583830.9,0.01,1.62,0.07,0.04,3.74,2.62,18.97,0.35
2024-12-28,37456.0,23949.31,26402.51,1586529.08,0.01,1.62,0.07,0.04,3.75,2.62,18.98,0.35
2024-12-29,37490.43,23967.21,26419.92,1589227.25,0.01,1.62,0.07,0.04,3.75,2.62,18.98,0.35
2024-12-30,37524.85,23985.11,26437.33,1591925.43,0.01,1.62,0.07,0.04,3.75,2.62,18.99,0.35
2024-12-31,37559.28,24003.01,26454.74,1594623.61,0.01,1.62,0.07,0.04,3.76,2.63,18.99,0.35
